{"frames":{"frameName1460635399494.png":{"frame":{"x":0,"y":0,"w":75,"h":70},"spriteSourceSize":{"x":0,"y":0,"w":75,"h":70},"sourceSize":{"w":75,"h":70}},"frameName1460635399495.png":{"frame":{"x":75,"y":0,"w":75,"h":70},"spriteSourceSize":{"x":0,"y":0,"w":75,"h":70},"sourceSize":{"w":75,"h":70}},"frameName1460635399496.png":{"frame":{"x":150,"y":0,"w":75,"h":70},"spriteSourceSize":{"x":0,"y":0,"w":75,"h":70},"sourceSize":{"w":75,"h":70}},"frameName1460635399497.png":{"frame":{"x":225,"y":0,"w":75,"h":70},"spriteSourceSize":{"x":0,"y":0,"w":75,"h":70},"sourceSize":{"w":75,"h":70}},"frameName1460635399498.png":{"frame":{"x":300,"y":0,"w":75,"h":70},"spriteSourceSize":{"x":0,"y":0,"w":75,"h":70},"sourceSize":{"w":75,"h":70}}},"meta":{"image":"castle.png","size":{"w":0,"h":0},"scale":1}}