{"frames":{"frameName1462895196877.png":{"frame":{"x":0,"y":0,"w":286,"h":352},"spriteSourceSize":{"x":0,"y":0,"w":286,"h":352},"sourceSize":{"w":286,"h":352}},"frameName1462895196878.png":{"frame":{"x":286,"y":0,"w":286,"h":352},"spriteSourceSize":{"x":0,"y":0,"w":286,"h":352},"sourceSize":{"w":286,"h":352}},"frameName1462895196879.png":{"frame":{"x":572,"y":0,"w":286,"h":352},"spriteSourceSize":{"x":0,"y":0,"w":286,"h":352},"sourceSize":{"w":286,"h":352}},"frameName1462895196880.png":{"frame":{"x":858,"y":0,"w":286,"h":352},"spriteSourceSize":{"x":0,"y":0,"w":286,"h":352},"sourceSize":{"w":286,"h":352}},"frameName1462895196881.png":{"frame":{"x":1144,"y":0,"w":286,"h":352},"spriteSourceSize":{"x":0,"y":0,"w":286,"h":352},"sourceSize":{"w":286,"h":352}},"frameName1462895196882.png":{"frame":{"x":1430,"y":0,"w":292,"h":309},"spriteSourceSize":{"x":0,"y":0,"w":292,"h":309},"sourceSize":{"w":292,"h":309}},"frameName1462895196883.png":{"frame":{"x":1722,"y":0,"w":292,"h":309},"spriteSourceSize":{"x":0,"y":0,"w":292,"h":309},"sourceSize":{"w":292,"h":309}},"frameName1462895196884.png":{"frame":{"x":2014,"y":0,"w":292,"h":309},"spriteSourceSize":{"x":0,"y":0,"w":292,"h":309},"sourceSize":{"w":292,"h":309}},"frameName1462895196885.png":{"frame":{"x":2306,"y":0,"w":292,"h":309},"spriteSourceSize":{"x":0,"y":0,"w":292,"h":309},"sourceSize":{"w":292,"h":309}},"frameName1462895196886.png":{"frame":{"x":2598,"y":0,"w":292,"h":309},"spriteSourceSize":{"x":0,"y":0,"w":292,"h":309},"sourceSize":{"w":292,"h":309}},"frameName1462895196887.png":{"frame":{"x":2890,"y":0,"w":292,"h":309},"spriteSourceSize":{"x":0,"y":0,"w":292,"h":309},"sourceSize":{"w":292,"h":309}},"frameName1462895196888.png":{"frame":{"x":3182,"y":0,"w":292,"h":309},"spriteSourceSize":{"x":0,"y":0,"w":292,"h":309},"sourceSize":{"w":292,"h":309}},"frameName1462895196889.png":{"frame":{"x":3474,"y":0,"w":292,"h":309},"spriteSourceSize":{"x":0,"y":0,"w":292,"h":309},"sourceSize":{"w":292,"h":309}},"frameName1462895196890.png":{"frame":{"x":3766,"y":0,"w":292,"h":309},"spriteSourceSize":{"x":0,"y":0,"w":292,"h":309},"sourceSize":{"w":292,"h":309}},"frameName1462895196891.png":{"frame":{"x":4058,"y":0,"w":292,"h":309},"spriteSourceSize":{"x":0,"y":0,"w":292,"h":309},"sourceSize":{"w":292,"h":309}}},"meta":{"image":"skeleton_archer.png","size":{"w":0,"h":0},"scale":1}}