{"frames":{"frameName1460133439981.png":{"frame":{"x":0,"y":0,"w":459,"h":449},"spriteSourceSize":{"x":0,"y":0,"w":459,"h":449},"sourceSize":{"w":459,"h":449}},"frameName1460133439982.png":{"frame":{"x":459,"y":0,"w":459,"h":449},"spriteSourceSize":{"x":0,"y":0,"w":459,"h":449},"sourceSize":{"w":459,"h":449}},"frameName1460133439983.png":{"frame":{"x":918,"y":0,"w":459,"h":449},"spriteSourceSize":{"x":0,"y":0,"w":459,"h":449},"sourceSize":{"w":459,"h":449}},"frameName1460133439984.png":{"frame":{"x":1377,"y":0,"w":459,"h":449},"spriteSourceSize":{"x":0,"y":0,"w":459,"h":449},"sourceSize":{"w":459,"h":449}},"frameName1460133439985.png":{"frame":{"x":1836,"y":0,"w":459,"h":449},"spriteSourceSize":{"x":0,"y":0,"w":459,"h":449},"sourceSize":{"w":459,"h":449}},"frameName1460133439986.png":{"frame":{"x":2295,"y":0,"w":453,"h":443},"spriteSourceSize":{"x":0,"y":0,"w":453,"h":443},"sourceSize":{"w":453,"h":443}},"frameName1460133439987.png":{"frame":{"x":2748,"y":0,"w":453,"h":443},"spriteSourceSize":{"x":0,"y":0,"w":453,"h":443},"sourceSize":{"w":453,"h":443}},"frameName1460133439988.png":{"frame":{"x":3201,"y":0,"w":453,"h":443},"spriteSourceSize":{"x":0,"y":0,"w":453,"h":443},"sourceSize":{"w":453,"h":443}},"frameName1460133439989.png":{"frame":{"x":3654,"y":0,"w":453,"h":443},"spriteSourceSize":{"x":0,"y":0,"w":453,"h":443},"sourceSize":{"w":453,"h":443}},"frameName1460133439990.png":{"frame":{"x":4107,"y":0,"w":453,"h":443},"spriteSourceSize":{"x":0,"y":0,"w":453,"h":443},"sourceSize":{"w":453,"h":443}},"frameName1460133439991.png":{"frame":{"x":4560,"y":0,"w":453,"h":443},"spriteSourceSize":{"x":0,"y":0,"w":453,"h":443},"sourceSize":{"w":453,"h":443}},"frameName1460133439992.png":{"frame":{"x":5013,"y":0,"w":459,"h":449},"spriteSourceSize":{"x":0,"y":0,"w":459,"h":449},"sourceSize":{"w":459,"h":449}},"frameName1460133439993.png":{"frame":{"x":5472,"y":0,"w":459,"h":449},"spriteSourceSize":{"x":0,"y":0,"w":459,"h":449},"sourceSize":{"w":459,"h":449}},"frameName1460133439994.png":{"frame":{"x":5931,"y":0,"w":459,"h":449},"spriteSourceSize":{"x":0,"y":0,"w":459,"h":449},"sourceSize":{"w":459,"h":449}},"frameName1460133439995.png":{"frame":{"x":6390,"y":0,"w":459,"h":449},"spriteSourceSize":{"x":0,"y":0,"w":459,"h":449},"sourceSize":{"w":459,"h":449}},"frameName1460133439996.png":{"frame":{"x":6849,"y":0,"w":459,"h":449},"spriteSourceSize":{"x":0,"y":0,"w":459,"h":449},"sourceSize":{"w":459,"h":449}}},"meta":{"image":"_1460133520062_15.png","size":{"w":0,"h":0},"scale":1}}