{"frames":{"frameName1461338122078.png":{"frame":{"x":0,"y":0,"w":459,"h":449},"spriteSourceSize":{"x":0,"y":0,"w":459,"h":449},"sourceSize":{"w":459,"h":449}},"frameName1461338122079.png":{"frame":{"x":459,"y":0,"w":459,"h":449},"spriteSourceSize":{"x":0,"y":0,"w":459,"h":449},"sourceSize":{"w":459,"h":449}},"frameName1461338122080.png":{"frame":{"x":918,"y":0,"w":459,"h":449},"spriteSourceSize":{"x":0,"y":0,"w":459,"h":449},"sourceSize":{"w":459,"h":449}},"frameName1461338122081.png":{"frame":{"x":1377,"y":0,"w":459,"h":449},"spriteSourceSize":{"x":0,"y":0,"w":459,"h":449},"sourceSize":{"w":459,"h":449}},"frameName1461338122082.png":{"frame":{"x":1836,"y":0,"w":459,"h":449},"spriteSourceSize":{"x":0,"y":0,"w":459,"h":449},"sourceSize":{"w":459,"h":449}},"frameName1461338122083.png":{"frame":{"x":2295,"y":0,"w":453,"h":443},"spriteSourceSize":{"x":0,"y":0,"w":453,"h":443},"sourceSize":{"w":453,"h":443}},"frameName1461338122084.png":{"frame":{"x":2748,"y":0,"w":453,"h":443},"spriteSourceSize":{"x":0,"y":0,"w":453,"h":443},"sourceSize":{"w":453,"h":443}},"frameName1461338122085.png":{"frame":{"x":3201,"y":0,"w":453,"h":443},"spriteSourceSize":{"x":0,"y":0,"w":453,"h":443},"sourceSize":{"w":453,"h":443}},"frameName1461338122086.png":{"frame":{"x":3654,"y":0,"w":453,"h":443},"spriteSourceSize":{"x":0,"y":0,"w":453,"h":443},"sourceSize":{"w":453,"h":443}},"frameName1461338122087.png":{"frame":{"x":4107,"y":0,"w":453,"h":443},"spriteSourceSize":{"x":0,"y":0,"w":453,"h":443},"sourceSize":{"w":453,"h":443}},"frameName1461338122088.png":{"frame":{"x":4560,"y":0,"w":453,"h":443},"spriteSourceSize":{"x":0,"y":0,"w":453,"h":443},"sourceSize":{"w":453,"h":443}},"frameName1461338122089.png":{"frame":{"x":5013,"y":0,"w":459,"h":449},"spriteSourceSize":{"x":0,"y":0,"w":459,"h":449},"sourceSize":{"w":459,"h":449}},"frameName1461338122090.png":{"frame":{"x":5472,"y":0,"w":459,"h":449},"spriteSourceSize":{"x":0,"y":0,"w":459,"h":449},"sourceSize":{"w":459,"h":449}},"frameName1461338122091.png":{"frame":{"x":5931,"y":0,"w":459,"h":449},"spriteSourceSize":{"x":0,"y":0,"w":459,"h":449},"sourceSize":{"w":459,"h":449}},"frameName1461338122092.png":{"frame":{"x":6390,"y":0,"w":459,"h":449},"spriteSourceSize":{"x":0,"y":0,"w":459,"h":449},"sourceSize":{"w":459,"h":449}},"frameName1461338122093.png":{"frame":{"x":6849,"y":0,"w":459,"h":449},"spriteSourceSize":{"x":0,"y":0,"w":459,"h":449},"sourceSize":{"w":459,"h":449}}},"meta":{"image":"skeleton.png","size":{"w":0,"h":0},"scale":1}}